<!--xml version="1.0" encoding="UTF-8"-->
<!--Whiskeytown Lake, Temperature Plots-->
<Objects>
	<Object>
		<Type>ProfilePlot</Type>
		<XLims>
			<min>40</min>
			<max>85</max>
		</XLims>
		<ylims>
			<min>50</min>
			<max>150</max>			
		</ylims>
		<xticks>
			<spacing>10</spacing>
		</xticks>	
		<yticks>
			<spacing>10</spacing>
		</yticks>		
	</Object>
	<Object>
		<Type>TimeSeriesPlot</Type>
		<ylims>
			<min>40</min>
			<max>80</max>
		</ylims>
		<yticks>
			<spacing>5</spacing>
		</yticks>
	</Object>
</Objects>